timestamp,hour_of_day,day_of_week,avg_cpu_load,avg_memory_load,network_traffic_gbps,safe_shutdown_count
2026-03-01 00:00:00,0,6,10.895113496936268,10.0,6.742933824669519,849
2026-03-01 01:00:00,1,6,14.228484408836897,10.0,6.865947843872911,801
2026-03-01 02:00:00,2,6,7.395206461000688,10.968741592833183,2.535846962453314,902
2026-03-01 03:00:00,3,6,5.0,10.0,1.0,923
2026-03-01 04:00:00,4,6,8.52265186494002,10.0,3.1976911120335547,872
2026-03-01 05:00:00,5,6,10.684700429785392,10.0,5.014615981903156,840
2026-03-01 06:00:00,6,6,15.712323011933275,12.396597488408624,10.124840036971726,785
2026-03-01 07:00:00,7,6,18.817529446632467,12.052754306776416,11.303644365409511,749
2026-03-01 08:00:00,8,6,20.991466938853016,26.054564473627103,10.46873901995064,707
2026-03-01 09:00:00,9,6,23.370188167065873,16.76378578082992,9.367553599682772,672
2026-03-01 10:00:00,10,6,26.67440443038679,26.79948486609779,18.893828298298274,628
2026-03-01 11:00:00,11,6,42.69612068276944,35.25008812648487,23.11158241928194,416
2026-03-01 12:00:00,12,6,43.317754977247056,25.47128778520988,22.7878059657338,408
2026-03-01 13:00:00,13,6,41.51416821360997,34.528764772039025,24.040626338833135,435
2026-03-01 14:00:00,14,6,43.620419846973974,32.9709244754976,20.45636592287507,409
2026-03-01 15:00:00,15,6,44.44504631740757,38.73756259565191,20.409081821543925,406
2026-03-01 16:00:00,16,6,35.39236965200671,26.767833842349294,18.35871168881048,528
2026-03-01 17:00:00,17,6,41.60564769696965,32.05577972044052,19.263488301152606,442
2026-03-01 18:00:00,18,6,37.06262911197099,36.43130343243091,18.387294312824828,502
2026-03-01 19:00:00,19,6,33.6764073013055,22.272311636484154,18.406620025960628,538
2026-03-01 20:00:00,20,6,40.86148126813337,28.087230989169818,19.633463854036282,444
2026-03-01 21:00:00,21,6,19.036936750780896,15.981994791177689,9.29162587269766,731
2026-03-01 22:00:00,22,6,15.458803882677515,10.0,7.2900581656637335,782
2026-03-01 23:00:00,23,6,13.057640796200884,10.0,6.909494368030777,814
2026-03-02 00:00:00,0,0,12.958430777908708,10.0,7.482112052003965,823
2026-03-02 01:00:00,1,0,16.81315847598809,10.0,7.948884205516013,757
2026-03-02 02:00:00,2,0,10.485387746740201,13.231535150056608,3.838587685615396,842
2026-03-02 03:00:00,3,0,9.383914478339108,10.0,2.6538116684334137,870
2026-03-02 04:00:00,4,0,5.0,10.0,1.7089670968394135,923
2026-03-02 05:00:00,5,0,17.341112282053864,10.542586724490949,7.642981158010439,761
2026-03-02 06:00:00,6,0,21.686308433108934,16.616682712779067,9.151120183643055,705
2026-03-02 07:00:00,7,0,28.122981803024064,12.904529365924045,14.008463150613599,610
2026-03-02 08:00:00,8,0,39.678109745995165,33.46699947201978,19.678880202292603,471
2026-03-02 09:00:00,9,0,46.55767069485456,34.37259051781665,22.435838906747513,369
2026-03-02 10:00:00,10,0,64.82517381962732,42.16058296268565,30.88733298138336,120
2026-03-02 11:00:00,11,0,62.0565003715629,45.63606108050185,33.796281623646806,154
2026-03-02 12:00:00,12,0,65.75374883709898,53.687682700490896,33.901721883292694,116
2026-03-02 13:00:00,13,0,71.69521824488423,52.40349297025395,34.71501366323657,43
2026-03-02 14:00:00,14,0,78.53302476839231,67.19436689289074,39.28480107567643,0
2026-03-02 15:00:00,15,0,67.15007830450934,56.965496306753,31.129292078904054,86
2026-03-02 16:00:00,16,0,65.26345096537972,55.29577965087943,35.12960688096968,120
2026-03-02 17:00:00,17,0,61.54144922615255,45.316892919240864,30.126601580664925,171
2026-03-02 18:00:00,18,0,59.06758608684835,41.09974728730891,29.988712912632433,197
2026-03-02 19:00:00,19,0,54.30028512448777,41.81777331044576,26.738409128052876,265
2026-03-02 20:00:00,20,0,45.00242803881053,36.764046742344725,21.29841952826181,382
2026-03-02 21:00:00,21,0,28.002356862600394,25.011593318164806,14.595147777766568,627
2026-03-02 22:00:00,22,0,21.599876392107554,18.44116959949106,11.38608314265114,696
2026-03-02 23:00:00,23,0,15.215039474271748,13.046196639374756,5.173809952417396,796
2026-03-03 00:00:00,0,1,8.062720400453596,10.0,2.081996859772155,878
2026-03-03 01:00:00,1,1,14.95764823004021,15.816005383686136,10.015603159827908,795
2026-03-03 02:00:00,2,1,5.200526839430469,10.0,3.8687440122438144,918
2026-03-03 03:00:00,3,1,26.32770128321925,22.641615562336977,13.282413209716015,631
2026-03-03 04:00:00,4,1,15.402691883116939,16.45806975167367,7.7273497253142835,781
2026-03-03 05:00:00,5,1,26.054466950190157,13.811547224244382,12.958174162905461,638
2026-03-03 06:00:00,6,1,19.64553750969444,18.12879208397148,9.375843184195517,731
2026-03-03 07:00:00,7,1,35.805431117384835,28.006320922500997,18.58589717058985,510
2026-03-03 08:00:00,8,1,37.737688838276654,34.07540004513937,20.95998675583096,495
2026-03-03 09:00:00,9,1,46.05386279004872,37.913558952689996,20.535453837600382,384
2026-03-03 10:00:00,10,1,50.580712818994336,41.233195784923105,25.406773846389168,325
2026-03-03 11:00:00,11,1,55.49835194644331,48.81286985970159,26.85056720103009,253
2026-03-03 12:00:00,12,1,61.18572163139927,55.85860032597913,32.40310473561275,183
2026-03-03 13:00:00,13,1,65.9582529262494,56.05058899681943,30.107324824376636,115
2026-03-03 14:00:00,14,1,77.18678164166764,61.785957177037275,41.25515347677799,0
2026-03-03 15:00:00,15,1,73.91878784119261,60.296511063836114,37.31175576470095,1
2026-03-03 16:00:00,16,1,62.1166360408453,48.5092157989762,30.08759092476444,156
2026-03-03 17:00:00,17,1,61.62257413252804,44.83245793787631,30.141652571474552,179
2026-03-03 18:00:00,18,1,52.293572791800166,45.71897325556815,26.051498973585993,298
2026-03-03 19:00:00,19,1,50.35804364166453,40.51429411285069,23.875821125620632,315
2026-03-03 20:00:00,20,1,36.172453170963315,31.049531345090976,15.470397986142908,514
2026-03-03 21:00:00,21,1,22.282430899037557,26.73240010436188,9.786384114089266,703
2026-03-03 22:00:00,22,1,23.32876454424817,17.073777102845618,12.299916336998322,674
2026-03-03 23:00:00,23,1,10.725660028530971,10.0,9.852443226286614,853
2026-03-04 00:00:00,0,2,7.3850790557873545,15.126642233389113,2.23105672143437,898
2026-03-04 01:00:00,1,2,5.0,10.0,1.0,930
2026-03-04 02:00:00,2,2,8.596725623295898,10.0,3.199856996919345,882
2026-03-04 03:00:00,3,2,16.506206483534967,21.36702170648615,5.392820485846219,776
2026-03-04 04:00:00,4,2,12.397260648629846,12.540853522056423,12.572697000460861,823
2026-03-04 05:00:00,5,2,19.20761416944318,14.353803706396787,9.72560029895591,725
2026-03-04 06:00:00,6,2,15.513115087556711,18.813195878432687,6.526290188235695,776
2026-03-04 07:00:00,7,2,42.792016855005635,36.465060224014096,23.668493061741344,430
2026-03-04 08:00:00,8,2,41.40495933867516,30.01046987183716,20.28623516862303,439
2026-03-04 09:00:00,9,2,45.299566679781464,33.12846751929378,21.938806058058013,380
2026-03-04 10:00:00,10,2,59.49799937716625,49.13489710611605,31.374723926261048,204
2026-03-04 11:00:00,11,2,64.3613476452145,54.24776316849697,30.76041790675228,140
2026-03-04 12:00:00,12,2,65.87625414371242,53.28764023151385,35.49345686343306,118
2026-03-04 13:00:00,13,2,66.0199178444929,56.63832545222287,30.787631296758253,118
2026-03-04 14:00:00,14,2,76.52739403577165,61.326934436781116,39.627602960475755,0
2026-03-04 15:00:00,15,2,67.42644100570477,55.56198456700603,33.452934394117015,82
2026-03-04 16:00:00,16,2,75.54235031273302,65.760015662921,34.18708495609608,0
2026-03-04 17:00:00,17,2,58.979335876646886,53.20808331021038,27.096346999896397,211
2026-03-04 18:00:00,18,2,64.06833287939453,53.27758077910325,32.21431161366059,141
2026-03-04 19:00:00,19,2,48.17822353207803,39.76741168120604,23.075225415296757,349
2026-03-04 20:00:00,20,2,44.431009830646886,34.37629196794748,22.304206030321577,403
2026-03-04 21:00:00,21,2,26.35479125697902,26.855604697627836,12.222632167338869,643
2026-03-04 22:00:00,22,2,21.407778893737827,16.05898735643103,11.325704578064922,706
2026-03-04 23:00:00,23,2,26.16357764915135,19.419240908939543,13.072663166595083,633
2026-03-05 00:00:00,0,3,20.374929016371414,20.15425872041733,11.172837475786517,713
2026-03-05 01:00:00,1,3,11.466590241986667,10.0,4.04507965617584,843
2026-03-05 02:00:00,2,3,5.0,10.0,2.1638584215889396,916
2026-03-05 03:00:00,3,3,12.448101834576217,10.081032338955687,7.2200474997790085,827
2026-03-05 04:00:00,4,3,10.510170673828842,10.0,8.128594682013528,850
2026-03-05 05:00:00,5,3,15.278296679364423,11.667977665343988,9.591766592644417,790
2026-03-05 06:00:00,6,3,27.313621568205594,16.646646488164997,10.951909674282803,632
2026-03-05 07:00:00,7,3,29.443326799760573,25.263441318694255,18.47400507831206,608
2026-03-05 08:00:00,8,3,48.638738137171295,31.447983687658574,23.02677006998415,350
2026-03-05 09:00:00,9,3,45.74679656884107,40.30725233772018,25.826715535279792,390
2026-03-05 10:00:00,10,3,48.841346162450876,40.02100153076365,27.219866376930902,332
2026-03-05 11:00:00,11,3,58.97606331430573,38.6151780059902,32.19577640548369,198
2026-03-05 12:00:00,12,3,65.40806288727008,58.51553186968338,29.515176126046306,113
2026-03-05 13:00:00,13,3,65.98089967390318,53.87813520050325,32.02169845301298,117
2026-03-05 14:00:00,14,3,77.58116661466948,63.62722569722533,38.16453589090186,0
2026-03-05 15:00:00,15,3,60.98215742598464,41.942775363078425,31.56206233294273,171
2026-03-05 16:00:00,16,3,48.58991604535038,37.530617526532744,23.259133511063922,353
2026-03-05 17:00:00,17,3,65.6773302570907,62.8456038300825,36.34934681343176,109
2026-03-05 18:00:00,18,3,58.226879747925736,53.42466158600234,27.18359295280266,219
2026-03-05 19:00:00,19,3,51.19482865306783,41.9714306621868,25.696559785132724,301
2026-03-05 20:00:00,20,3,31.34563448117217,32.29820154484679,17.44494436107839,564
2026-03-05 21:00:00,21,3,31.550039541715112,15.093877357902148,19.697626714784832,566
2026-03-05 22:00:00,22,3,33.143077727856465,19.613954891210714,13.164773985217924,555
2026-03-05 23:00:00,23,3,18.509058069920492,14.77625075756703,10.060767689131401,742
2026-03-06 00:00:00,0,4,15.897178226425067,10.0,8.918777336439083,774
2026-03-06 01:00:00,1,4,5.0,10.0,3.4753465498465874,932
2026-03-06 02:00:00,2,4,10.218513340421369,13.543220732830857,5.2613527500034545,846
2026-03-06 03:00:00,3,4,12.787025089022459,10.0,5.275461558043515,825
2026-03-06 04:00:00,4,4,13.484086086694054,10.0,5.6347444326526634,808
2026-03-06 05:00:00,5,4,12.797407101459331,10.0,4.078053500191054,816
2026-03-06 06:00:00,6,4,21.50137246003707,18.270997521700767,10.526030130636876,714
2026-03-06 07:00:00,7,4,31.13058064925826,25.81199940754316,14.014826737293754,566
2026-03-06 08:00:00,8,4,37.26360081831239,23.670610559031793,23.380083895957387,491
2026-03-06 09:00:00,9,4,46.210950029989654,45.193598591498144,22.60740293588207,371
2026-03-06 10:00:00,10,4,59.334245316710714,49.822580410458684,28.950704257373797,191
2026-03-06 11:00:00,11,4,65.72252062068586,48.52548726165259,31.052176542768784,120
2026-03-06 12:00:00,12,4,67.28036945921181,47.36911521287888,30.519172900840566,91
2026-03-06 13:00:00,13,4,70.01122210367744,64.44468585830478,36.76889056573762,65
2026-03-06 14:00:00,14,4,68.50947365323518,65.67179039945466,37.38036395903381,73
2026-03-06 15:00:00,15,4,71.75597598683973,55.20225799510416,39.04206435934742,26
2026-03-06 16:00:00,16,4,58.3653809191314,41.01297724776889,29.63468500775376,210
2026-03-06 17:00:00,17,4,65.411940625085,54.81244329489199,32.31746753607443,123
2026-03-06 18:00:00,18,4,53.96880520522067,31.785292075123753,28.579371011566963,267
2026-03-06 19:00:00,19,4,48.49059165450292,35.90861667076067,25.756078278902972,349
2026-03-06 20:00:00,20,4,42.64158304815189,35.15078386431719,25.407432503440553,414
2026-03-06 21:00:00,21,4,40.33348942411093,30.112829599675663,21.155877916340433,460
2026-03-06 22:00:00,22,4,26.398786748933553,10.0,12.282154820580779,636
2026-03-06 23:00:00,23,4,17.2532145677945,16.99553394812247,5.30356715935933,760
2026-03-07 00:00:00,0,5,7.421727888373527,10.0,1.0,893
2026-03-07 01:00:00,1,5,12.82190492505849,20.24256472426152,10.378936717899114,829
2026-03-07 02:00:00,2,5,11.031464046072202,10.0,7.187116247166385,837
2026-03-07 03:00:00,3,5,5.0,10.0,1.0,929
2026-03-07 04:00:00,4,5,5.0,10.0,2.8394585687807474,923
2026-03-07 05:00:00,5,5,11.71904753437039,12.715742786279876,5.48110844819384,837
2026-03-07 06:00:00,6,5,17.65958446109423,17.60942320213782,9.862041687702497,761
2026-03-07 07:00:00,7,5,21.718725395400497,20.092396081139288,12.929204551861446,708
2026-03-07 08:00:00,8,5,28.101228697431278,13.944597179807031,13.04904158388045,619
2026-03-07 09:00:00,9,5,38.19383732139815,27.17300475469833,14.636258845447298,486
2026-03-07 10:00:00,10,5,21.368241432501115,24.648609236573524,6.962300954541265,702
2026-03-07 11:00:00,11,5,41.712622402749865,37.517125828117344,16.434040583359163,437
2026-03-07 12:00:00,12,5,40.79853298845888,24.986432674830844,16.66456284149122,439
2026-03-07 13:00:00,13,5,37.56270793842598,25.676132782017277,17.980608222877883,486
2026-03-07 14:00:00,14,5,41.93627924755816,38.8209994772921,21.927301472645254,436
2026-03-07 15:00:00,15,5,49.30181884298591,43.58222252633925,26.670699343592275,343
2026-03-07 16:00:00,16,5,39.946288454216855,29.568743529547902,20.93110387860121,468
2026-03-07 17:00:00,17,5,38.396232587792596,31.15216221096744,17.30343353401205,475
2026-03-07 18:00:00,18,5,39.434874819247966,29.32471206417017,18.862621524725032,464
2026-03-07 19:00:00,19,5,25.895513945110352,27.3686039724337,16.946391385054785,645
2026-03-07 20:00:00,20,5,29.909870243109076,25.718755421294002,14.730990080365304,597
2026-03-07 21:00:00,21,5,20.973374013508195,12.32448249855117,5.837247683849295,708
2026-03-07 22:00:00,22,5,18.809594932178335,16.110954757657765,11.140495539415532,740
2026-03-07 23:00:00,23,5,6.589507851158468,10.0,4.7462871733766185,910
2026-03-08 00:00:00,0,6,14.436395968383845,14.911241869182541,5.958454692950358,790
2026-03-08 01:00:00,1,6,5.695989358814451,10.0,3.048185564566622,915
2026-03-08 02:00:00,2,6,5.0,10.0,2.6114498245773894,927
2026-03-08 03:00:00,3,6,12.084292719151513,10.0,8.873111964597454,831
2026-03-08 04:00:00,4,6,11.49262181672041,10.0,3.915828148367475,828
2026-03-08 05:00:00,5,6,12.502596350093054,14.117929999884016,6.397934109423335,833
2026-03-08 06:00:00,6,6,7.221250120641858,10.0,3.9333315120787344,893
2026-03-08 07:00:00,7,6,23.218620050599196,17.62033858353764,12.235258328933302,685
2026-03-08 08:00:00,8,6,29.194130725559646,19.864224438870956,12.783258374496315,594
2026-03-08 09:00:00,9,6,25.055581635329457,14.958504455536616,13.561129434960975,647
2026-03-08 10:00:00,10,6,44.38325813199419,27.36009345282409,22.411334959906583,402
2026-03-08 11:00:00,11,6,42.3761694862197,46.767734605225066,21.306521611138827,423
2026-03-08 12:00:00,12,6,32.774939250420005,16.663683000865884,15.253143289339212,548
2026-03-08 13:00:00,13,6,47.03110858843777,37.461120519670224,22.428704751951354,366
2026-03-08 14:00:00,14,6,33.74632140275719,30.50176842943614,17.342788874969727,535
2026-03-08 15:00:00,15,6,50.476762913008805,46.6118362928952,21.091600991688104,324
2026-03-08 16:00:00,16,6,41.037668588962234,31.556028529307966,20.219078360956193,444
2026-03-08 17:00:00,17,6,39.36674586601615,31.811562894655697,21.586401058893983,476
2026-03-08 18:00:00,18,6,37.678391965737305,36.500489047560635,20.28254011095512,491
2026-03-08 19:00:00,19,6,23.013483955759234,18.90451605279406,11.2460516859052,692
2026-03-08 20:00:00,20,6,24.716077262487612,24.664326720571378,14.081968801364118,658
2026-03-08 21:00:00,21,6,22.458254382736385,24.215630103245186,12.069776365737233,686
2026-03-08 22:00:00,22,6,23.23198621339987,13.550142149188591,10.301526470464948,676
2026-03-08 23:00:00,23,6,6.585299527525547,10.0,1.8606981499103623,913
2026-03-09 00:00:00,0,0,15.64990299767743,10.0,9.673005537252516,778
2026-03-09 01:00:00,1,0,10.097714529113004,10.0,7.327172410279855,865
2026-03-09 02:00:00,2,0,8.35334500840099,10.0,3.225611415871796,881
2026-03-09 03:00:00,3,0,16.10065993664537,10.0,6.960485498404868,767
2026-03-09 04:00:00,4,0,14.851313630281286,10.0,7.385877356159062,786
2026-03-09 05:00:00,5,0,20.45501422165656,27.75640501826728,4.659498653224235,720
2026-03-09 06:00:00,6,0,35.77619769216537,31.982244575801158,16.642389839880117,513
2026-03-09 07:00:00,7,0,30.144713476878017,18.893297049503023,14.627567298663324,587
2026-03-09 08:00:00,8,0,45.515126333888915,42.16922793943479,22.998857618934046,385
2026-03-09 09:00:00,9,0,54.32503110182384,35.31205995157744,28.26624286153092,260
2026-03-09 10:00:00,10,0,54.65509669827104,30.83300021030437,26.204814630944202,267
2026-03-09 11:00:00,11,0,62.78422210034868,45.69448431518374,33.08099575223308,151
2026-03-09 12:00:00,12,0,60.96197265571631,51.32106007248467,30.16478334771776,175
2026-03-09 13:00:00,13,0,73.01074102824049,56.6685273911082,36.90248723991283,24
2026-03-09 14:00:00,14,0,68.87497048314812,61.13793723866981,34.898459670781065,75
2026-03-09 15:00:00,15,0,71.1393184446259,52.164460311541006,40.83442335198773,38
2026-03-09 16:00:00,16,0,57.20682791065699,45.1459924348228,26.13949770383645,219
2026-03-09 17:00:00,17,0,61.93933732124316,49.524787502811215,29.652131009058866,163
2026-03-09 18:00:00,18,0,56.872925547254894,40.254198767395536,24.197748037550163,235
2026-03-09 19:00:00,19,0,46.01024481820794,36.63325340208154,26.54672368037499,377
2026-03-09 20:00:00,20,0,35.276546562317854,39.735796738469844,19.609718714806053,514
2026-03-09 21:00:00,21,0,29.263105906233267,16.81374527929959,14.17906251509928,595
2026-03-09 22:00:00,22,0,26.900989255029824,24.573720130442975,14.570075523376993,627
2026-03-09 23:00:00,23,0,24.190700192176696,17.08383861105915,13.361233363675279,667
2026-03-10 00:00:00,0,1,16.167328982129767,13.97230162151937,8.62682216545563,779
2026-03-10 01:00:00,1,1,5.0,10.0,2.073455248068417,917
2026-03-10 02:00:00,2,1,16.784283871094445,11.630240726751046,11.10540869991413,771
2026-03-10 03:00:00,3,1,5.0,10.0,1.575449422589915,932
2026-03-10 04:00:00,4,1,9.740364139403987,21.501683012872775,5.029497784757167,860
2026-03-10 05:00:00,5,1,23.85337674468034,25.751999494547846,12.562318503598444,679
2026-03-10 06:00:00,6,1,21.747075792215718,22.615390180205342,12.609067944449636,702
2026-03-10 07:00:00,7,1,33.650589673900456,25.829952247250652,18.817009894387215,550
2026-03-10 08:00:00,8,1,40.41141994637712,37.656537832428455,19.171133072987818,451
2026-03-10 09:00:00,9,1,54.811308554003524,48.44818439394114,28.033378203942032,256
2026-03-10 10:00:00,10,1,50.96984840164715,39.771919391114054,26.05887211773144,321
2026-03-10 11:00:00,11,1,50.787115217769234,38.528758088736105,24.829988391163603,310
2026-03-10 12:00:00,12,1,69.91163671447917,53.66766854341084,36.29023054430326,53
2026-03-10 13:00:00,13,1,77.04762389230928,51.96970760830962,36.10902028286189,0
2026-03-10 14:00:00,14,1,64.64710960161416,55.130803863577064,31.99210869451385,126
2026-03-10 15:00:00,15,1,64.84985057358475,56.03759424741421,32.8401506632485,135
2026-03-10 16:00:00,16,1,71.81627668545134,65.55856413729965,32.76821766741099,42
2026-03-10 17:00:00,17,1,61.58301825596427,47.1870778977125,30.583409614382862,177
2026-03-10 18:00:00,18,1,57.34281746685761,48.41520286094674,26.17305861078071,228
2026-03-10 19:00:00,19,1,50.62197483596056,38.6305835268856,22.96384700395603,309
2026-03-10 20:00:00,20,1,40.84826444735426,32.66354854196421,20.24991453695235,444
2026-03-10 21:00:00,21,1,36.96247814681004,30.584597621704535,15.449750843410557,500
2026-03-10 22:00:00,22,1,13.771664005030827,10.0,6.523850524635966,815
2026-03-10 23:00:00,23,1,9.977477854204896,10.699477797310626,7.15595823491339,863
2026-03-11 00:00:00,0,2,9.489058913955466,12.465498554645023,4.273616012568345,857
2026-03-11 01:00:00,1,2,11.532869815683117,10.0,6.214010811119356,831
2026-03-11 02:00:00,2,2,14.537473842086278,11.809451822507523,10.998743389038086,800
2026-03-11 03:00:00,3,2,15.12463740268408,10.0,8.48741580663712,794
2026-03-11 04:00:00,4,2,19.52752145644868,15.940105964909796,8.488054534765459,725
2026-03-11 05:00:00,5,2,16.41606865878629,17.235265833015852,9.222582391607741,773
2026-03-11 06:00:00,6,2,26.58902584600942,18.12363793656212,13.684218565408404,634
2026-03-11 07:00:00,7,2,31.442056428371195,24.318054741112686,16.014455587052243,571
2026-03-11 08:00:00,8,2,41.148139650818266,32.15615494512913,18.952517985623164,451
2026-03-11 09:00:00,9,2,52.07588647706002,45.749472661028264,23.059157119231397,290
2026-03-11 10:00:00,10,2,50.04409845194975,40.80731514636826,24.579654562523277,315
2026-03-11 11:00:00,11,2,62.16180785338672,50.97636470126315,34.23581048622031,171
2026-03-11 12:00:00,12,2,72.02567183406549,50.41306622693432,36.363927576813765,23
2026-03-11 13:00:00,13,2,71.02033653055918,60.57578231461084,37.46396642135372,54
2026-03-11 14:00:00,14,2,67.06725955739329,63.20783058820856,35.74096366374825,95
2026-03-11 15:00:00,15,2,77.60485616394938,61.42869289616452,34.73194760072368,0
2026-03-11 16:00:00,16,2,69.64138015019851,61.11344912176964,31.41870297122175,69
2026-03-11 17:00:00,17,2,59.180739052115115,40.104521739610874,25.192757612817395,205
2026-03-11 18:00:00,18,2,61.49329867082168,49.73303828529038,32.41482077262744,167
2026-03-11 19:00:00,19,2,45.29105450848672,41.84210955392361,25.266614903627783,395
2026-03-11 20:00:00,20,2,43.25100588979331,34.10492539293774,25.318776936991988,419
2026-03-11 21:00:00,21,2,26.885004815293613,19.789562112545976,16.540921360699414,642
2026-03-11 22:00:00,22,2,30.817427290156303,20.007280861613673,13.848110337364343,574
2026-03-11 23:00:00,23,2,21.987745682939206,11.332499425399146,13.881402049616122,693
2026-03-12 00:00:00,0,3,26.596968925837963,12.99550661329459,12.460644224421888,639
2026-03-12 01:00:00,1,3,8.613358896403751,10.0,5.202096568236506,867
2026-03-12 02:00:00,2,3,12.56917596532773,10.0,9.560813481759146,814
2026-03-12 03:00:00,3,3,18.52741941135025,10.0,8.631513968802071,752
2026-03-12 04:00:00,4,3,10.84621271000006,13.655731351406828,4.869308675407273,839
2026-03-12 05:00:00,5,3,18.65985133248114,10.242771043985284,12.567529716281765,738
2026-03-12 06:00:00,6,3,17.080485882571384,17.466461986778597,10.111843258587356,768
2026-03-12 07:00:00,7,3,34.3627164558492,28.780158125279694,18.119591647486725,524
2026-03-12 08:00:00,8,3,38.68339048693018,28.930264879678546,24.145747807136,466
2026-03-12 09:00:00,9,3,47.651555905851524,44.03831597237715,22.50436345641149,348
2026-03-12 10:00:00,10,3,56.04191403973776,34.624856889668756,27.526602254827687,253
2026-03-12 11:00:00,11,3,57.80328219560744,43.88708489497245,31.051889648238298,224
2026-03-12 12:00:00,12,3,66.95781353851632,48.253086943732555,35.4566722438762,107
2026-03-12 13:00:00,13,3,72.09432382194507,58.18427942249418,35.499098282476645,32
2026-03-12 14:00:00,14,3,76.99677718293,66.22059016090785,38.61764933130535,0
2026-03-12 15:00:00,15,3,65.74309090014418,56.0855892881833,33.65851622091559,107
2026-03-12 16:00:00,16,3,72.30674837165165,60.64219474096298,35.48254989843744,26
2026-03-12 17:00:00,17,3,73.28017301118211,59.19680524002302,38.54037744758872,21
2026-03-12 18:00:00,18,3,63.42824150709583,48.44111598470743,35.17855125851921,143
2026-03-12 19:00:00,19,3,53.139985458255445,34.724074437295684,28.678719825902128,279
2026-03-12 20:00:00,20,3,34.84211876564922,25.227203824788276,18.65843247852042,518
2026-03-12 21:00:00,21,3,37.88205083462188,23.749535616821927,21.33791532297431,487
2026-03-12 22:00:00,22,3,20.7831342273031,16.558759641605185,7.652170754281417,709
2026-03-12 23:00:00,23,3,16.41592498225407,11.845857298686528,4.8707943433718555,763
2026-03-13 00:00:00,0,4,20.941448444895073,20.540437502501263,10.527917775884225,704
2026-03-13 01:00:00,1,4,18.923388148082054,16.260969611265505,11.555890679265335,745
2026-03-13 02:00:00,2,4,9.58574542597054,10.0,7.812324309882129,870
2026-03-13 03:00:00,3,4,19.224742175767638,10.0,8.466834238786767,726
2026-03-13 04:00:00,4,4,9.578184109230605,10.0,3.4441131083547347,859
2026-03-13 05:00:00,5,4,7.362698702775713,10.0,2.2467734514757005,899
2026-03-13 06:00:00,6,4,26.619000638029725,19.837750615456333,10.008517898939338,632
2026-03-13 07:00:00,7,4,31.983314388316938,33.29793124089605,19.60065137088169,555
2026-03-13 08:00:00,8,4,34.22215975947141,28.973844518554863,17.859639990890315,543
2026-03-13 09:00:00,9,4,47.330347467424666,46.44810537551167,26.740396853860418,366
2026-03-13 10:00:00,10,4,54.76539710560408,46.19752182059888,27.53634233492255,261
2026-03-13 11:00:00,11,4,54.79824231465358,39.403603548075196,28.24740199548477,266
2026-03-13 12:00:00,12,4,69.22538316606814,48.42032484691447,32.9359166007983,58
2026-03-13 13:00:00,13,4,71.5810968913431,64.28759438312886,32.57946163238939,32
2026-03-13 14:00:00,14,4,68.39182474391309,65.09719971293468,34.95978327641965,75
2026-03-13 15:00:00,15,4,71.1279830246274,55.38584411002218,36.32344388619395,33
2026-03-13 16:00:00,16,4,65.62275581646284,52.31209347062107,34.26663699550538,126
2026-03-13 17:00:00,17,4,61.472932864632924,48.523766427857595,28.666556703252198,177
2026-03-13 18:00:00,18,4,55.95468875386658,40.29093484102434,26.215130077880367,237
2026-03-13 19:00:00,19,4,55.84436386976935,45.37220406392181,28.827251718527346,250
2026-03-13 20:00:00,20,4,44.99005054929827,21.510763548470173,26.67177468421059,382
2026-03-13 21:00:00,21,4,31.53748050614851,21.566563448630713,16.77959454632389,580
2026-03-13 22:00:00,22,4,21.396047905317815,19.536299910463704,12.308409302220804,705
2026-03-13 23:00:00,23,4,12.691933951722955,10.0,10.352781510225686,815
2026-03-14 00:00:00,0,5,9.330398404995314,10.0,3.8611295818072087,863
2026-03-14 01:00:00,1,5,8.008487254109465,10.0,5.5077241738418845,879
2026-03-14 02:00:00,2,5,8.529699182668619,11.77552640132243,1.0,886
2026-03-14 03:00:00,3,5,11.330654336123608,10.0,6.322851988668765,834
2026-03-14 04:00:00,4,5,6.739005200096372,10.0,2.1608254611549063,910
2026-03-14 05:00:00,5,5,9.638557963753016,10.0,2.9518344763960624,867
2026-03-14 06:00:00,6,5,19.50737314973893,14.91158558381779,9.025281607893591,728
2026-03-14 07:00:00,7,5,23.105635576224476,17.734230525816947,11.803970695055323,686
2026-03-14 08:00:00,8,5,17.60988708281812,10.0,7.034616543409364,766
2026-03-14 09:00:00,9,5,36.42155188929358,25.942432772987353,15.564596357831794,504
2026-03-14 10:00:00,10,5,33.208445185659706,25.404760616025406,17.50641318599581,557
2026-03-14 11:00:00,11,5,31.48288744850542,13.94083131852464,14.375459063550464,574
2026-03-14 12:00:00,12,5,27.09142869375203,33.127855817955336,10.766569413348822,635
2026-03-14 13:00:00,13,5,33.15967113841877,25.77779745373639,13.311244897949852,548
2026-03-14 14:00:00,14,5,45.39986537758378,39.19723563953917,22.19456131278996,385
2026-03-14 15:00:00,15,5,43.34708752170758,28.591145738050997,20.709450171197357,411
2026-03-14 16:00:00,16,5,35.81863432378651,27.25153207469534,14.523403533502485,504
2026-03-14 17:00:00,17,5,36.2362239273841,31.601072208320108,18.531799667685103,515
2026-03-14 18:00:00,18,5,28.85535959567039,23.90167507237358,12.993947357120012,604
2026-03-14 19:00:00,19,5,36.45214236229029,24.249276922140684,17.776804881151094,504
2026-03-14 20:00:00,20,5,21.298389084312564,19.60641480826762,12.54707452183147,708
2026-03-14 21:00:00,21,5,16.030694604032576,12.105326828666243,9.607764918921331,781
2026-03-14 22:00:00,22,5,12.6918520487177,15.91514468268168,4.34238946722954,819
2026-03-14 23:00:00,23,5,11.614434781285501,15.32231480338136,6.575160495736475,838
2026-03-15 00:00:00,0,6,11.30799345340453,14.84980724120925,4.728098595851546,841
2026-03-15 01:00:00,1,6,5.0,10.0,4.0027519741518915,930
2026-03-15 02:00:00,2,6,11.349252493505196,10.0,6.545737943502225,832
2026-03-15 03:00:00,3,6,11.074653428647439,10.0,6.401712017254529,836
2026-03-15 04:00:00,4,6,6.17581041996054,10.0,2.9273871175651784,902
2026-03-15 05:00:00,5,6,16.73843246594179,10.65329418775938,6.493656565231075,775
2026-03-15 06:00:00,6,6,19.819395583974547,26.908131475136393,8.794714221971606,735
2026-03-15 07:00:00,7,6,12.492242290259236,13.328695849398189,3.1470586059725942,817
2026-03-15 08:00:00,8,6,16.8219058589328,10.0,10.363720836390605,770
2026-03-15 09:00:00,9,6,34.17898849426214,32.55623497359215,16.049787464033564,542
2026-03-15 10:00:00,10,6,35.84491539592638,36.81791543238379,17.164202215988215,516
2026-03-15 11:00:00,11,6,35.71002026084604,34.22153275174934,21.286413799211797,516
2026-03-15 12:00:00,12,6,34.08456085393647,23.71115555934649,15.8691522678428,530
2026-03-15 13:00:00,13,6,40.39898874471839,34.786107497832326,22.130310321229953,451
2026-03-15 14:00:00,14,6,43.168929558953735,26.755665416144854,22.246225243905783,414
2026-03-15 15:00:00,15,6,45.55430968124785,30.5804314606917,20.310218638063713,388
2026-03-15 16:00:00,16,6,38.87089554634284,28.45340642038846,15.533210823473704,471
2026-03-15 17:00:00,17,6,33.58327760541439,33.422673236293505,18.180451440597935,538
2026-03-15 18:00:00,18,6,25.219966336131584,11.066449405643498,7.938837719732536,646
2026-03-15 19:00:00,19,6,26.16225661398539,21.294789071055103,14.641284666425861,633
2026-03-15 20:00:00,20,6,20.254103796854352,17.329996805928822,9.072113251199463,715
2026-03-15 21:00:00,21,6,21.149640115272902,10.728898218190487,10.624524734125739,706
2026-03-15 22:00:00,22,6,13.545969599279815,10.0,4.459485458967795,819
2026-03-15 23:00:00,23,6,5.0,10.0,3.916178243713353,924
2026-03-16 00:00:00,0,0,11.265602766023655,13.07845424708341,6.5308233098496995,836
2026-03-16 01:00:00,1,0,8.369687096637165,10.0,3.987064241936297,887
2026-03-16 02:00:00,2,0,11.865294676603183,19.50196557529741,4.526521542299304,836
2026-03-16 03:00:00,3,0,13.192062323653186,10.0,6.123321687648601,823
2026-03-16 04:00:00,4,0,16.70178710431886,10.0,8.407255866897687,769
2026-03-16 05:00:00,5,0,18.741201581182555,13.867228628195939,9.765758634694093,751
2026-03-16 06:00:00,6,0,24.87486520627428,23.98872366102086,15.217847701171767,650
2026-03-16 07:00:00,7,0,35.02448017868369,15.390990974934514,17.64015366316371,522
2026-03-16 08:00:00,8,0,36.952438989203586,28.62709467643564,18.589519344396006,496
2026-03-16 09:00:00,9,0,50.41303512485928,43.959262215702594,24.288603790780492,318
2026-03-16 10:00:00,10,0,62.65375416171849,56.216812587861384,30.899991338998827,164
2026-03-16 11:00:00,11,0,68.66683411984619,63.13091059296447,34.13483163983978,71
2026-03-16 12:00:00,12,0,62.91374879582846,48.818650604222135,30.680520760831772,159
2026-03-16 13:00:00,13,0,69.82985590054949,49.4920409885427,36.16708080129038,65
2026-03-16 14:00:00,14,0,62.32850686807771,54.42498174075801,32.16330740422967,163
2026-03-16 15:00:00,15,0,80.42118513266041,68.72234195288127,41.557722852703606,0
2026-03-16 16:00:00,16,0,74.55339745450182,54.34579024455575,38.03741578801874,0
2026-03-16 17:00:00,17,0,50.34409715442294,38.244266530429186,22.847434264436234,325
2026-03-16 18:00:00,18,0,54.8505476304885,43.00886957921706,26.64214420258464,255
2026-03-16 19:00:00,19,0,47.68860570922568,46.89709267759819,25.43233700169511,359
2026-03-16 20:00:00,20,0,32.336323155521214,31.033832190560034,17.000634311615798,552
2026-03-16 21:00:00,21,0,37.61634525357598,23.153345900028086,17.283689702528825,489
2026-03-16 22:00:00,22,0,30.982857508322464,23.993638141523125,15.436819675141368,584
2026-03-16 23:00:00,23,0,14.120456769037608,10.0,8.167895048081895,795
2026-03-17 00:00:00,0,1,5.0,10.0,1.0,925
2026-03-17 01:00:00,1,1,5.0,10.0,4.579809374792153,934
2026-03-17 02:00:00,2,1,11.62588398264532,10.0,7.430800392265256,835
2026-03-17 03:00:00,3,1,7.469962462153192,10.0,3.5403648535325427,894
2026-03-17 04:00:00,4,1,15.851523717956704,11.396446522597868,9.94748633972203,785
2026-03-17 05:00:00,5,1,18.134221164918603,14.950610418924946,12.51136779382924,755
2026-03-17 06:00:00,6,1,28.965281903287146,29.310986821726217,14.236613104929752,598
2026-03-17 07:00:00,7,1,32.70632585532642,19.429429236612652,14.409934850641907,554
2026-03-17 08:00:00,8,1,36.94555054215705,35.52909980625786,20.960843167348248,501
2026-03-17 09:00:00,9,1,36.748769048946315,34.37925366818613,16.860794347334235,503
2026-03-17 10:00:00,10,1,48.73705493817252,36.477331515984936,24.930886593625164,338
2026-03-17 11:00:00,11,1,56.58509918672459,50.07907612235526,28.186829684779696,237
2026-03-17 12:00:00,12,1,62.76317096163245,54.84973740971215,31.495611730610392,149
2026-03-17 13:00:00,13,1,70.32073618298834,58.94806934163884,37.30538276611377,53
2026-03-17 14:00:00,14,1,65.85481270823396,53.69235296616991,34.64781483815795,105
2026-03-17 15:00:00,15,1,58.33020941812184,45.55789941656861,28.611478109283077,210
2026-03-17 16:00:00,16,1,59.918475719287024,53.61220565724347,29.259281605334678,188
2026-03-17 17:00:00,17,1,63.960577398090095,55.35627543526394,30.352997986925697,141
2026-03-17 18:00:00,18,1,56.86247854895,53.485594514906886,30.680836563661384,230
2026-03-17 19:00:00,19,1,43.767600972268454,34.542222027637855,21.712013986698643,403
2026-03-17 20:00:00,20,1,34.019513840878105,27.016916548671613,15.0622576245229,543
2026-03-17 21:00:00,21,1,23.37237800534527,19.90166830171906,16.889555231033423,671
2026-03-17 22:00:00,22,1,30.00976133895884,25.03294250647647,12.618571377281953,585
2026-03-17 23:00:00,23,1,17.622329498218093,17.081082766243036,10.350227687211044,764
2026-03-18 00:00:00,0,2,20.45915025547653,14.25326039895351,10.75090079403908,715
2026-03-18 01:00:00,1,2,5.0,10.0,3.3892053364402814,926
2026-03-18 02:00:00,2,2,13.432830030757813,10.0,9.110204918983738,810
2026-03-18 03:00:00,3,2,11.437627782738202,10.0,7.015374759056819,847
2026-03-18 04:00:00,4,2,17.88840160467824,19.92159642775102,10.212683088457565,757
2026-03-18 05:00:00,5,2,21.16322451100303,12.844652275757447,6.3933710001739605,699
2026-03-18 06:00:00,6,2,21.612621715014185,20.648833827397805,11.594134803979397,705
2026-03-18 07:00:00,7,2,27.86030160864315,20.318334470402416,13.106498495683736,617
2026-03-18 08:00:00,8,2,40.9055825510553,28.545655365739698,24.881294322452202,451
2026-03-18 09:00:00,9,2,46.284485216426134,44.73813793598028,27.154428384531315,380
2026-03-18 10:00:00,10,2,54.900122856400486,40.58749587875281,30.66230041186283,250
2026-03-18 11:00:00,11,2,69.025500969907,51.129406358814066,34.506001570131595,68
2026-03-18 12:00:00,12,2,68.7471255582879,52.52890073482804,29.76535809962938,68
2026-03-18 13:00:00,13,2,70.82566280210948,52.44422722021887,35.142345609790674,37
2026-03-18 14:00:00,14,2,73.86549970769435,63.50347867848953,35.1746480834954,11
2026-03-18 15:00:00,15,2,66.2781024909778,59.12765047040901,34.30324665242613,103
2026-03-18 16:00:00,16,2,71.7178087644912,55.85312760573389,38.2561871262277,29
2026-03-18 17:00:00,17,2,51.52639185321413,42.740015030023834,23.009812845330902,304
2026-03-18 18:00:00,18,2,55.70443123455602,35.72134815983056,28.498551045647574,249
2026-03-18 19:00:00,19,2,47.02655842158229,35.56414187396898,24.570776902390467,369
2026-03-18 20:00:00,20,2,38.15584885203731,32.533535494422715,18.693702320575774,488
2026-03-18 21:00:00,21,2,39.18792755312811,35.89642287476813,22.450026747033633,472
2026-03-18 22:00:00,22,2,23.62885821472735,13.906522783531194,11.706940089425425,674
2026-03-18 23:00:00,23,2,22.851582126231833,13.510956962253857,9.518581837076521,683
2026-03-19 00:00:00,0,3,9.817830733181195,10.0,4.301253670618165,858
2026-03-19 01:00:00,1,3,18.862749184918997,11.501082417676587,8.462652703914788,746
2026-03-19 02:00:00,2,3,5.0,10.0,3.9736877941848667,917
2026-03-19 03:00:00,3,3,9.615587425736882,10.0,8.18758062612102,858
2026-03-19 04:00:00,4,3,12.727234285431,14.815392417202425,7.338336749096268,818
2026-03-19 05:00:00,5,3,21.563693302569668,21.22227804016487,8.273267804946336,709
2026-03-19 06:00:00,6,3,18.334213446731724,26.741325750678534,9.327093484484148,748
2026-03-19 07:00:00,7,3,33.974959228548805,23.064377076098648,16.65912079103339,548
2026-03-19 08:00:00,8,3,34.92089090510802,28.245111973326274,18.318078453215154,527
2026-03-19 09:00:00,9,3,51.23009938939134,42.1806218456148,28.47369822012138,316
2026-03-19 10:00:00,10,3,54.586761074809054,39.524324261555435,24.760699526153118,272
2026-03-19 11:00:00,11,3,60.923283698435256,43.11716398771905,31.762022610679136,179
2026-03-19 12:00:00,12,3,54.166099935823965,38.28422642510949,28.32135848992238,264
2026-03-19 13:00:00,13,3,79.26525213723055,70.39833382257825,39.746652341357375,0
2026-03-19 14:00:00,14,3,66.76379681005977,53.116628398534196,32.12492867723779,104
2026-03-19 15:00:00,15,3,71.99016083586946,58.23438735668434,38.126802415458,38
2026-03-19 16:00:00,16,3,66.59411369350714,61.398683247153514,33.94321539298563,94
2026-03-19 17:00:00,17,3,59.95143592496499,46.158781718949015,30.9985489643424,193
2026-03-19 18:00:00,18,3,62.91296982740796,52.22971511547178,35.11367213983397,160
2026-03-19 19:00:00,19,3,57.85940190867495,46.704256881906176,30.69227051720301,210
2026-03-19 20:00:00,20,3,37.4079855029224,35.96471565111915,14.29591760095872,492
2026-03-19 21:00:00,21,3,27.048161643355645,22.20488136737334,10.647524865043088,632
2026-03-19 22:00:00,22,3,34.36648888108773,32.89343143344343,16.288600649226364,527
2026-03-19 23:00:00,23,3,25.191878373079152,20.39684638287858,14.509652945090725,646
2026-03-20 00:00:00,0,4,7.875235793706152,10.0,1.0,878
2026-03-20 01:00:00,1,4,17.51100013762631,14.145413914421916,6.189145212953539,767
2026-03-20 02:00:00,2,4,9.529486757702417,10.0,6.328342001477032,869
2026-03-20 03:00:00,3,4,13.860658966000878,21.40115176901643,4.795263654491894,798
2026-03-20 04:00:00,4,4,14.976842705796667,13.187664852914073,8.531011934089847,789
2026-03-20 05:00:00,5,4,18.815849357115823,10.0,10.264538872973208,745
2026-03-20 06:00:00,6,4,26.949434097361976,17.69769835631808,12.470511040483228,637
2026-03-20 07:00:00,7,4,35.02888347709075,30.441970486431828,17.043610494718934,528
2026-03-20 08:00:00,8,4,34.9672871736018,33.673222544526666,20.117873721480628,523
2026-03-20 09:00:00,9,4,47.17422871812023,32.1911554518924,21.90746386415578,370
2026-03-20 10:00:00,10,4,55.34889606749399,49.48921426980988,26.7603713620222,263
2026-03-20 11:00:00,11,4,59.70378090964367,44.936600845719525,29.030473136617,196
2026-03-20 12:00:00,12,4,62.06058273856329,52.69166034022061,28.746030070418954,157
2026-03-20 13:00:00,13,4,79.05216759429312,62.726618068448424,41.97634849348231,0
2026-03-20 14:00:00,14,4,70.18975218145223,56.82952470595494,35.839745384690545,64
2026-03-20 15:00:00,15,4,65.02744316299567,47.40629147810729,33.5213584183782,114
2026-03-20 16:00:00,16,4,68.91423112090953,52.75686661361501,36.19971015536925,79
2026-03-20 17:00:00,17,4,54.48330503436269,41.906746479625426,28.107109715441712,260
2026-03-20 18:00:00,18,4,60.14341305348196,41.53098620867529,31.518927701198727,187
2026-03-20 19:00:00,19,4,51.10187526127219,42.292538423467434,27.044057821998237,314
2026-03-20 20:00:00,20,4,43.36286850601366,44.18970447928701,21.416166760241683,417
2026-03-20 21:00:00,21,4,27.36278212357117,19.02874043493661,11.039378070055244,634
2026-03-20 22:00:00,22,4,31.53789405379992,23.343924213621495,15.013645304230847,573
2026-03-20 23:00:00,23,4,18.704802683124644,16.623743799344787,9.733400701120456,736
2026-03-21 00:00:00,0,5,11.115888844286836,13.316466349246038,7.564370821621465,834
2026-03-21 01:00:00,1,5,16.897596230451867,15.354513551368198,12.125165468816178,768
2026-03-21 02:00:00,2,5,5.0,10.0,3.9908083946908035,926
2026-03-21 03:00:00,3,5,5.0,10.0,4.298271427374984,921
2026-03-21 04:00:00,4,5,11.20733917639603,20.23030575221557,4.594008458508115,840
2026-03-21 05:00:00,5,5,15.247436022671064,12.548209633702758,9.947474616551913,793
2026-03-21 06:00:00,6,5,10.959290727963655,10.0,8.923347689870491,846
2026-03-21 07:00:00,7,5,18.9199599539821,16.461745599680118,10.743841046914152,732
2026-03-21 08:00:00,8,5,18.397886700441916,14.168620783502616,7.225665380941825,748
2026-03-21 09:00:00,9,5,26.315828152295296,20.664993445866273,14.426994652262097,632
2026-03-21 10:00:00,10,5,33.377168194507966,18.691905496120533,16.196459120994085,543
2026-03-21 11:00:00,11,5,32.51168908477689,24.97119600290962,12.755888793950852,559
2026-03-21 12:00:00,12,5,51.04287688851371,41.369513421204545,25.31037834025224,304
2026-03-21 13:00:00,13,5,40.46488161961775,32.90279913480526,19.29333645168621,454
2026-03-21 14:00:00,14,5,41.07417385512563,24.895325087338076,17.707181706129933,451
2026-03-21 15:00:00,15,5,28.42093395149452,24.99691388412446,11.73034639080609,610
2026-03-21 16:00:00,16,5,52.01079411132706,38.09364798771245,28.323427545457843,291
2026-03-21 17:00:00,17,5,37.333512053043876,28.320764257185782,17.162443215340772,487
2026-03-21 18:00:00,18,5,30.538244939302196,17.716073960093716,14.107566892643154,577
2026-03-21 19:00:00,19,5,32.92730804025952,24.74657675387453,14.871602306522782,555
2026-03-21 20:00:00,20,5,21.820848295392445,17.803148939058406,10.323346463381089,700
2026-03-21 21:00:00,21,5,19.906928376554482,13.929983440229837,8.647670643454116,735
2026-03-21 22:00:00,22,5,22.402840277709444,14.375520782487223,11.88910978510332,690
2026-03-21 23:00:00,23,5,15.116564754764518,10.0,9.34835900553449,787
2026-03-22 00:00:00,0,6,11.850859367815193,11.579015107242503,5.171439365573525,839
2026-03-22 01:00:00,1,6,9.492234040129034,10.0,1.0,857
2026-03-22 02:00:00,2,6,6.966978915808703,10.0,5.322984686560332,897
2026-03-22 03:00:00,3,6,7.182933267300619,10.0,2.29146147200339,899
2026-03-22 04:00:00,4,6,17.32193432218751,10.0,10.278938191159707,758
2026-03-22 05:00:00,5,6,12.798676836377473,11.27256170532695,7.917215618432632,828
2026-03-22 06:00:00,6,6,11.93781312679781,11.357768127468756,3.6814541487575814,825
2026-03-22 07:00:00,7,6,19.884055717037242,17.49195765869061,13.74389908450777,725
2026-03-22 08:00:00,8,6,37.39054936819196,27.48418361410021,14.776494231914494,497
2026-03-22 09:00:00,9,6,32.321989615490786,28.212484210926533,17.852197836679295,553
2026-03-22 10:00:00,10,6,29.306845939869653,22.6052014234539,16.889454279087108,599
2026-03-22 11:00:00,11,6,37.38521406526395,32.548513090942336,19.66999093805041,491
2026-03-22 12:00:00,12,6,38.916913560767156,35.18757221441264,21.045434221488005,479
2026-03-22 13:00:00,13,6,32.644005007012325,28.99939484498283,11.538559188080576,564
2026-03-22 14:00:00,14,6,40.73372544987395,26.51468395613586,18.438054215713592,448
2026-03-22 15:00:00,15,6,39.235881695244046,37.94024908679328,22.409308469201935,467
2026-03-22 16:00:00,16,6,45.95665892887813,34.273987727600755,21.24730309488705,384
2026-03-22 17:00:00,17,6,37.76969854115425,36.326375344788666,19.107193591156197,486
2026-03-22 18:00:00,18,6,28.309113122861472,23.356595774326678,11.925061146780958,610
2026-03-22 19:00:00,19,6,29.147122089646775,22.875882875690746,13.833538985059132,603
2026-03-22 20:00:00,20,6,15.963201714987106,10.0,7.900457204003202,779
2026-03-22 21:00:00,21,6,13.447941740798376,10.291183038053704,7.181935720521344,816
2026-03-22 22:00:00,22,6,20.86562318793321,18.540709511337038,10.218207305958147,710
2026-03-22 23:00:00,23,6,13.51066256769354,10.717012634047386,7.549820502329676,808
2026-03-23 00:00:00,0,0,21.883311091052747,18.758910911481085,10.50334350610025,700
2026-03-23 01:00:00,1,0,17.16082959702384,16.442796474214198,10.277947803724768,756
2026-03-23 02:00:00,2,0,20.166468847332283,16.55994317230487,11.35305003189358,729
2026-03-23 03:00:00,3,0,8.47863910583873,11.590019711508697,1.0,885
2026-03-23 04:00:00,4,0,15.6412377454064,10.72343474441931,9.082731908746212,790
2026-03-23 05:00:00,5,0,15.516396515331973,13.872426022265653,9.557128199962477,776
2026-03-23 06:00:00,6,0,22.760427601565077,11.829181648402372,11.319925261740837,694
2026-03-23 07:00:00,7,0,29.39689972583095,31.83972105040581,17.822262712447685,597
2026-03-23 08:00:00,8,0,37.27277000530128,29.573049137073635,19.289982822430204,500
2026-03-23 09:00:00,9,0,55.90961936982197,41.4002684224065,29.701148546297915,242
2026-03-23 10:00:00,10,0,55.09390152158225,47.34368061854677,27.98137938008581,261
2026-03-23 11:00:00,11,0,59.48003751814232,38.71886767347945,32.26386176049914,202
2026-03-23 12:00:00,12,0,79.34831696551555,68.26282222819293,43.83885597094894,0
2026-03-23 13:00:00,13,0,63.19117485374963,49.44380597671825,32.94438990986345,142
2026-03-23 14:00:00,14,0,75.96978129994139,59.09133591203565,38.81428770743247,0
2026-03-23 15:00:00,15,0,76.43737302039841,66.97892851236067,37.80977655082876,0
2026-03-23 16:00:00,16,0,65.3044904865647,57.2614251901682,37.31873405185296,115
2026-03-23 17:00:00,17,0,62.17461680759163,60.938408645712634,32.00744961649069,157
2026-03-23 18:00:00,18,0,52.3586051329901,46.95740876279064,26.602584521512348,288
2026-03-23 19:00:00,19,0,56.3941102048375,51.1616187187137,25.317926995666383,235
2026-03-23 20:00:00,20,0,42.10689905549042,30.716318433159145,22.447655239561755,439
2026-03-23 21:00:00,21,0,38.147697779950896,32.27539926166863,21.214149366608304,485
2026-03-23 22:00:00,22,0,32.69803424000758,22.677665597190458,18.272725832413666,560
2026-03-23 23:00:00,23,0,13.149681283671047,12.871356579578288,2.8631650999348754,812
2026-03-24 00:00:00,0,1,5.0,10.0,2.5024109507244483,925
2026-03-24 01:00:00,1,1,6.936782055986996,10.0,1.0,907
2026-03-24 02:00:00,2,1,9.193178134952348,10.0,2.600529393116733,872
2026-03-24 03:00:00,3,1,7.2050685105779255,10.0,2.0874348328103993,898
2026-03-24 04:00:00,4,1,6.315272674312509,10.0,3.315428530353272,898
2026-03-24 05:00:00,5,1,18.902490179894414,21.925285123108786,6.833604291708983,732
2026-03-24 06:00:00,6,1,28.389718924763365,24.742201124891864,16.796334074157713,603
2026-03-24 07:00:00,7,1,31.30361329753945,27.16940265917087,20.08928600317141,566
2026-03-24 08:00:00,8,1,44.21686311078529,38.17073586860342,22.58159505714504,408
2026-03-24 09:00:00,9,1,54.61311524292453,45.65257203023346,26.288630370047265,255
2026-03-24 10:00:00,10,1,49.38469719927724,37.88663366443034,22.763759320125885,326
2026-03-24 11:00:00,11,1,65.892611216955,49.58313881245617,32.97706357122171,117
2026-03-24 12:00:00,12,1,66.92932075716078,58.051511178570664,29.317818600707625,97
2026-03-24 13:00:00,13,1,66.8325151544328,49.17376242167281,35.66743311929709,99
2026-03-24 14:00:00,14,1,69.15275381258316,56.070190440434295,36.71559343060754,75
2026-03-24 15:00:00,15,1,69.92591540519932,57.25353896916908,35.35013752533475,56
2026-03-24 16:00:00,16,1,56.58295897348305,39.32100284976721,28.661106028269895,230
2026-03-24 17:00:00,17,1,63.515302082796666,50.48450363233231,35.72103465419839,154
2026-03-24 18:00:00,18,1,50.78799758731601,42.682777289325095,26.494188907713397,319
2026-03-24 19:00:00,19,1,45.96441077980133,37.214816578648254,23.376836804711854,380
2026-03-24 20:00:00,20,1,41.01651471784538,31.38979659591339,19.6320377104355,450
2026-03-24 21:00:00,21,1,32.93431349575555,14.22137940724144,16.406813414619506,553
2026-03-24 22:00:00,22,1,20.018839718887406,15.707355405709684,12.550819029628085,726
2026-03-24 23:00:00,23,1,21.940875810126684,23.728309757843988,10.330253943174561,707
2026-03-25 00:00:00,0,2,17.13027360668385,10.0,10.643360378182463,772
2026-03-25 01:00:00,1,2,10.64340377865065,11.755409372458187,6.833411808845204,847
2026-03-25 02:00:00,2,2,6.2899693217118,10.0,5.694168411442929,912
2026-03-25 03:00:00,3,2,15.072536731591406,10.0,10.82161427230763,793
2026-03-25 04:00:00,4,2,26.355256440529303,16.122413719970876,15.181798653445469,640
2026-03-25 05:00:00,5,2,21.37278073709864,12.469128673941018,10.889103791642423,707
2026-03-25 06:00:00,6,2,23.857000423299908,14.113853465597366,6.803832894059333,666
2026-03-25 07:00:00,7,2,31.280289833923533,23.74973264279653,16.527372762326124,573
2026-03-25 08:00:00,8,2,47.05938259447264,34.89295016280384,20.13733316184514,357
2026-03-25 09:00:00,9,2,46.12189681076197,39.08989614265821,23.100181720768962,377
2026-03-25 10:00:00,10,2,58.3643061798341,49.650515612574175,28.474071668035002,222
2026-03-25 11:00:00,11,2,58.34519457111192,42.44309711122289,30.63509029889677,212
2026-03-25 12:00:00,12,2,66.80456631971575,53.69809156505269,33.74896648859869,103
2026-03-25 13:00:00,13,2,70.19754077821455,53.79873465040432,34.303710747196355,58
2026-03-25 14:00:00,14,2,69.48372619925476,47.37103690363297,34.390154290763235,71
2026-03-25 15:00:00,15,2,77.28512561731215,64.51355465915543,38.74581556207849,0
2026-03-25 16:00:00,16,2,64.95212415939329,48.71161598416237,31.151800388761448,125
2026-03-25 17:00:00,17,2,58.224161503169626,40.89362229985459,27.23326918398378,212
2026-03-25 18:00:00,18,2,57.491108742483924,51.693632186593476,31.906635744378708,224
2026-03-25 19:00:00,19,2,42.689100393936286,40.36719750122082,19.54692382089834,417
2026-03-25 20:00:00,20,2,40.82829471784267,30.74721870651132,21.313365419064993,437
2026-03-25 21:00:00,21,2,33.227855243617036,22.406569686743516,20.793005065198066,557
2026-03-25 22:00:00,22,2,25.189309575044756,23.074310799783646,12.602260939768753,652
2026-03-25 23:00:00,23,2,10.655199794595667,10.0,4.612709051676979,841
2026-03-26 00:00:00,0,3,7.4813659670118335,10.0,8.31857796293233,896
2026-03-26 01:00:00,1,3,5.0,10.0,1.9666953415311705,924
2026-03-26 02:00:00,2,3,5.806552381480534,10.0,2.923626332223128,912
2026-03-26 03:00:00,3,3,11.946936625699996,10.0,6.897813645013883,824
2026-03-26 04:00:00,4,3,10.43603853620562,10.0,5.543508097795602,858
2026-03-26 05:00:00,5,3,18.993691827332814,17.870660639142855,11.01562179228472,746
2026-03-26 06:00:00,6,3,20.816860353546843,24.569615931300007,12.508398761916188,720
2026-03-26 07:00:00,7,3,30.646525625244028,28.116010210936132,12.736716896879686,586
2026-03-26 08:00:00,8,3,42.81158310311629,36.33558372178396,23.6812039569877,427
2026-03-26 09:00:00,9,3,49.51254634987711,42.70247898218407,24.341318129570812,331
2026-03-26 10:00:00,10,3,52.55024922419733,44.38322836185583,29.05041322621398,296
2026-03-26 11:00:00,11,3,61.54368123387529,46.448543485286734,27.858164878151,169
2026-03-26 12:00:00,12,3,61.999908590064436,51.29489529859779,29.48396984999487,173
2026-03-26 13:00:00,13,3,61.146026123851584,45.669955707474145,33.21562112647182,166
2026-03-26 14:00:00,14,3,69.57718500428096,52.30035664248678,36.354266831616265,61
2026-03-26 15:00:00,15,3,61.77890372312163,51.455510364689395,27.730220846749063,160
2026-03-26 16:00:00,16,3,59.92490246712926,51.59374256903603,29.990997369237498,192
2026-03-26 17:00:00,17,3,56.443506338613204,41.13494307685568,29.713929408385972,248
2026-03-26 18:00:00,18,3,56.06951934100741,43.90854711789818,24.95426440644155,235
2026-03-26 19:00:00,19,3,57.68150252733419,37.02299758848504,27.317459451391024,213
2026-03-26 20:00:00,20,3,35.50607975838437,21.75329567801255,17.374799097638117,524
2026-03-26 21:00:00,21,3,36.843679206546675,22.381400677499972,18.84913136629828,502
2026-03-26 22:00:00,22,3,22.246394021522452,12.666017023492824,10.390733932124702,701
2026-03-26 23:00:00,23,3,21.006197715490767,20.19075673272155,9.77237287619992,720
2026-03-27 00:00:00,0,4,20.347385564394997,14.43392876812682,9.216558298165271,728
2026-03-27 01:00:00,1,4,15.810863479637998,10.0,10.332194539628986,787
2026-03-27 02:00:00,2,4,5.0,10.0,1.491640337984657,926
2026-03-27 03:00:00,3,4,10.61461184581972,10.0,5.37561075788591,850
2026-03-27 04:00:00,4,4,11.108679917514703,10.0,5.498159331941307,834
2026-03-27 05:00:00,5,4,17.686178162953723,19.683894595255495,7.028568987954617,762
2026-03-27 06:00:00,6,4,28.33156250454606,24.978206467906606,10.714167794691836,619
2026-03-27 07:00:00,7,4,28.8476053852461,27.396067604429835,15.583089151268345,603
2026-03-27 08:00:00,8,4,38.20695340271229,26.44526851447477,20.514207121813044,484
2026-03-27 09:00:00,9,4,44.0089410684434,32.215023178036915,22.461623589257496,405
2026-03-27 10:00:00,10,4,50.847777967217176,43.29079290010253,26.260685425385955,313
2026-03-27 11:00:00,11,4,68.22119640032858,52.95308975386699,38.71138948553463,75
2026-03-27 12:00:00,12,4,58.03843941144537,50.39542579662183,30.960006485416386,222
2026-03-27 13:00:00,13,4,72.99460003277787,61.960985930855315,38.41757702934843,9
2026-03-27 14:00:00,14,4,73.03361529568092,57.5109091429428,37.58581894480156,21
2026-03-27 15:00:00,15,4,73.41605191804123,62.81320575140223,36.559604001921834,16
2026-03-27 16:00:00,16,4,63.89186312637426,55.824681258586224,31.20948101270495,130
2026-03-27 17:00:00,17,4,58.91454977872529,52.42267505769977,31.332395133772174,201
2026-03-27 18:00:00,18,4,63.17067496744434,39.81970335326868,31.219534169491734,155
2026-03-27 19:00:00,19,4,37.939068481307686,33.82894357287504,20.667738462140132,478
2026-03-27 20:00:00,20,4,41.2802743214163,31.408029634522592,22.790924052000303,447
2026-03-27 21:00:00,21,4,34.05102535528116,27.51042241075383,22.872223912278756,541
2026-03-27 22:00:00,22,4,27.503328606906056,22.251531321429646,13.765790620709382,619
2026-03-27 23:00:00,23,4,15.485190867036351,11.198434956893708,8.280643569793241,792
2026-03-28 00:00:00,0,5,9.347362834310914,10.0,6.781938769193415,875
2026-03-28 01:00:00,1,5,14.081248973341117,13.147869254368516,8.660340169944611,809
2026-03-28 02:00:00,2,5,5.0,10.0,2.554108081377903,915
2026-03-28 03:00:00,3,5,7.122638658696035,10.0,3.8480962640325194,890
2026-03-28 04:00:00,4,5,8.138479361589642,10.0,3.336237569770618,887
2026-03-28 05:00:00,5,5,5.0,10.088742428256001,1.0,921
2026-03-28 06:00:00,6,5,7.842410011383429,10.0,2.5739587236249095,888
2026-03-28 07:00:00,7,5,18.174420744336953,10.0,11.558833612182354,757
2026-03-28 08:00:00,8,5,21.484597304476722,10.937335397549408,9.624309196474364,696
2026-03-28 09:00:00,9,5,30.359039646149384,26.654094237049307,17.850831617363816,577
2026-03-28 10:00:00,10,5,28.181205368946944,17.759209720682342,14.778178447573243,616
2026-03-28 11:00:00,11,5,36.4846603035056,28.035724671775647,16.39386386321619,510
2026-03-28 12:00:00,12,5,41.29409383531844,26.59767993795826,20.839568470465984,444
2026-03-28 13:00:00,13,5,34.16721698588366,23.191196408019433,15.758039535353099,543
2026-03-28 14:00:00,14,5,37.390700934373434,24.892773887091256,19.109885125984604,492
2026-03-28 15:00:00,15,5,41.73338655838448,27.457154200543357,21.55648729569208,430
2026-03-28 16:00:00,16,5,39.171535891748434,32.26569166210405,19.98042247106464,459
2026-03-28 17:00:00,17,5,32.66428227676569,26.704533367412502,14.580341982950628,564
2026-03-28 18:00:00,18,5,28.475426739719946,30.055644304184803,10.9275873851936,606
2026-03-28 19:00:00,19,5,39.341538455859,35.36300462865098,24.718368809163564,475
2026-03-28 20:00:00,20,5,22.925448224249614,19.72432582602613,14.791358308374077,683
2026-03-28 21:00:00,21,5,22.964876477625918,17.224947461760596,11.395484339185234,691
2026-03-28 22:00:00,22,5,15.34774043878622,15.891134859129505,9.189681011615134,791
2026-03-28 23:00:00,23,5,18.567613725152043,14.736330225750445,8.93509834677035,751
2026-03-29 00:00:00,0,6,10.163251628022088,10.0,5.1896672661060235,847
2026-03-29 01:00:00,1,6,13.346664240980706,19.42525091381167,9.436240277871326,815
2026-03-29 02:00:00,2,6,10.037654999094048,10.0,5.737193597931184,853
2026-03-29 03:00:00,3,6,9.453043842172429,10.0,4.242223469438353,861
2026-03-29 04:00:00,4,6,5.0,10.0,2.3656434199012897,932
2026-03-29 05:00:00,5,6,7.693277993088384,10.0,1.1475413001954529,883
2026-03-29 06:00:00,6,6,17.039383911876605,15.89416431129871,5.718852835276767,764
2026-03-29 07:00:00,7,6,20.375131087326707,10.0,10.3726467746506,716
2026-03-29 08:00:00,8,6,28.887840160807727,19.346048281717565,11.691835552825154,605
2026-03-29 09:00:00,9,6,26.96073463940354,12.97961723248153,14.050104606682606,641
2026-03-29 10:00:00,10,6,34.51909297802438,31.223086908050224,16.797813741322653,530
2026-03-29 11:00:00,11,6,43.99422537796302,40.46871319621423,22.86927659923601,407
2026-03-29 12:00:00,12,6,49.55103403396049,35.807544288251655,23.676402745163085,330
2026-03-29 13:00:00,13,6,45.68460430810224,30.090127941002766,23.696496787634455,385
2026-03-29 14:00:00,14,6,41.93081126952881,30.09601014530218,19.97915998996486,424
2026-03-29 15:00:00,15,6,48.6048248905473,42.5703164951731,23.985179091171005,337
2026-03-29 16:00:00,16,6,47.02709244641123,38.04808054695768,25.131332063417634,355
2026-03-29 17:00:00,17,6,39.460240882096166,29.911650789760323,18.505646972032583,471
2026-03-29 18:00:00,18,6,32.479379228877384,29.88228086454601,12.993834452778497,548
2026-03-29 19:00:00,19,6,30.42589714427744,24.894129743701082,15.464348216492688,582
2026-03-29 20:00:00,20,6,18.272308910005403,10.0,10.551427302419677,757
2026-03-29 21:00:00,21,6,19.38644812071616,18.698642187407074,9.1197817108356,737
2026-03-29 22:00:00,22,6,15.876057094542563,27.627140688651103,8.672991878219891,780
2026-03-29 23:00:00,23,6,9.704429507780162,10.0,6.458062692051401,856
2026-03-30 00:00:00,0,0,12.072230171315848,17.61230866157527,3.8300681747169283,836
2026-03-30 01:00:00,1,0,12.817325974107645,18.227530815870697,5.130939931165076,811
2026-03-30 02:00:00,2,0,7.913165931974579,10.0,5.908216404676708,878
2026-03-30 03:00:00,3,0,15.614497431040018,14.362988847237741,4.130235051914909,776
2026-03-30 04:00:00,4,0,21.880448719065107,14.602274739161937,13.177987600129352,708
2026-03-30 05:00:00,5,0,27.95640982537249,34.498710292025606,14.844124563407638,615
2026-03-30 06:00:00,6,0,22.45805314370966,14.662732334791187,9.495580622597924,694
2026-03-30 07:00:00,7,0,26.106589563136367,20.690250647415827,13.498163055508039,652
2026-03-30 08:00:00,8,0,46.708503814709964,25.713529234033476,25.526105300000577,378
2026-03-30 09:00:00,9,0,53.04066560973084,39.34307014412277,24.396770696945314,281
2026-03-30 10:00:00,10,0,56.63910586421542,49.93263538906149,26.291761027522636,229
2026-03-30 11:00:00,11,0,61.64163924261322,53.10162575879046,30.805788892765054,173
2026-03-30 12:00:00,12,0,68.14821070077578,50.488230766871595,33.128402505688605,76
2026-03-30 13:00:00,13,0,62.55562291663405,55.50699102373401,32.70971629368483,160
2026-03-30 14:00:00,14,0,68.50161675996607,54.550270322764135,39.49239456204298,77
2026-03-30 15:00:00,15,0,63.417939659801235,45.25233929708398,33.3854435890429,147
2026-03-30 16:00:00,16,0,72.20325249363844,58.42270660799855,36.82451032071387,20
2026-03-30 17:00:00,17,0,62.90493677020438,48.38555849814235,30.10552133980061,156
2026-03-30 18:00:00,18,0,48.40376402700616,37.70810803462665,22.60180488470779,348
2026-03-30 19:00:00,19,0,47.44694847999885,31.26676344088347,23.54907694247313,361
2026-03-30 20:00:00,20,0,36.966498526173524,30.629617282336184,20.883407175940484,494
2026-03-30 21:00:00,21,0,29.77591640939335,23.48569741779713,13.74520976179685,601
2026-03-30 22:00:00,22,0,18.72850568532125,10.0,8.990709014270042,732
2026-03-30 23:00:00,23,0,15.698750655399655,11.9067011791229,7.058764372820335,781
